datacenter_id,server_generation,average_U,score,slots_size,score_per_slot,latency_sensitivity
DC3,GPU.S3,1.0,606064.2525232399,4,151516.06313080998,high
DC3,GPU.S3,0.9500000000000001,606064.2525232399,4,151516.06313080998,high
DC3,GPU.S3,0.9,606064.2525232399,4,151516.06313080998,high
DC4,GPU.S3,1.0,586114.25252324,4,146528.56313081,high
DC4,GPU.S3,0.9500000000000001,586114.25252324,4,146528.56313081,high
DC4,GPU.S3,0.9,586114.25252324,4,146528.56313081,high
DC2,GPU.S3,1.0,582789.25252324,4,145697.31313081,medium
DC2,GPU.S3,0.9500000000000001,582789.25252324,4,145697.31313081,medium
DC2,GPU.S3,0.9,582789.25252324,4,145697.31313081,medium
DC3,GPU.S3,0.8500000000000001,563830.9881654334,4,140957.74704135835,high
DC4,GPU.S3,0.8500000000000001,544450.9881654334,4,136112.74704135835,high
DC2,GPU.S3,0.8500000000000001,543528.131022576,4,135882.032755644,medium
DC1,GPU.S3,1.0,502989.25252324,4,125747.31313081,low
DC1,GPU.S3,0.9500000000000001,502989.25252324,4,125747.31313081,low
DC1,GPU.S3,0.9,502989.25252324,4,125747.31313081,low
DC3,GPU.S3,0.8,483761.6023069622,4,120940.40057674055,high
DC2,GPU.S3,0.8,468995.88802124816,4,117248.97200531204,medium
DC1,GPU.S3,0.8500000000000001,468776.7024511476,4,117194.1756127869,low
DC4,GPU.S3,0.8,465521.6023069622,4,116380.40057674055,high
DC3,GPU.S2,1.0,430615.5959578349,4,107653.89898945873,high
DC3,GPU.S2,0.9500000000000001,430615.5959578349,4,107653.89898945873,high
DC3,GPU.S2,0.9,430615.5959578349,4,107653.89898945873,high
DC4,GPU.S2,1.0,416365.5959578349,4,104091.39898945873,high
DC4,GPU.S2,0.9500000000000001,416365.5959578349,4,104091.39898945873,high
DC4,GPU.S2,0.9,416365.5959578349,4,104091.39898945873,high
DC3,GPU.S3,0.75,409555.07359134854,4,102388.76839783714,high
DC3,GPU.S1,1.0,409304.4393924301,4,102326.10984810753,high
DC3,GPU.S1,0.9500000000000001,409304.4393924301,4,102326.10984810753,high
DC3,GPU.S1,0.9,409304.4393924301,4,102326.10984810753,high
DC2,GPU.S2,1.0,406865.5959578348,4,101716.3989894587,medium
DC2,GPU.S2,0.9500000000000001,406865.5959578348,4,101716.3989894587,medium
DC2,GPU.S2,0.9,406865.5959578348,4,101716.3989894587,medium
DC1,GPU.S3,0.8,403853.03087839094,4,100963.25771959774,low
DC3,GPU.S2,0.8500000000000001,399855.15035904007,4,99963.78758976002,high
DC2,GPU.S3,0.75,399783.64501991984,4,99945.91125497996,medium
DC4,GPU.S1,1.0,395054.4393924301,4,98763.60984810753,high
DC4,GPU.S1,0.9500000000000001,395054.4393924301,4,98763.60984810753,high
DC4,GPU.S1,0.9,395054.4393924301,4,98763.60984810753,high
DC4,GPU.S3,0.75,392455.07359134854,4,98113.76839783714,high
DC2,GPU.S1,1.0,387216.9393924301,4,96804.23484810753,medium
DC2,GPU.S1,0.9500000000000001,387216.9393924301,4,96804.23484810753,medium
DC2,GPU.S1,0.9,387216.9393924301,4,96804.23484810753,medium
DC4,GPU.S2,0.8500000000000001,386012.2932161828,4,96503.0733040457,high
DC3,GPU.S1,0.8500000000000001,380306.4554097894,4,95076.61385244735,high
DC2,GPU.S2,0.8500000000000001,378629.43607332563,4,94657.35901833141,medium
DC4,GPU.S1,0.8500000000000001,366463.5982669321,4,91615.89956673303,high
DC2,GPU.S1,0.8500000000000001,360649.598266932,4,90162.399566733,medium
DC1,GPU.S2,1.0,354615.595957835,4,88653.89898945874,low
DC1,GPU.S2,0.9500000000000001,354615.595957835,4,88653.89898945874,low
DC1,GPU.S2,0.9,354615.595957835,4,88653.89898945874,low
DC3,CPU.S4,1.0,175919.55210519393,2,87959.77605259696,high
DC1,GPU.S3,0.75,343597.9307342057,4,85899.48268355142,low
DC4,CPU.S4,1.0,171549.55210519393,2,85774.77605259696,high
DC1,GPU.S1,1.0,341616.93939243007,4,85404.23484810752,low
DC1,GPU.S1,0.9500000000000001,341616.93939243007,4,85404.23484810752,low
DC1,GPU.S1,0.9,341616.93939243007,4,85404.23484810752,low
DC3,GPU.S2,0.8,341591.40201859205,4,85397.85050464801,high
DC3,GPU.S3,0.7000000000000001,341211.402018592,4,85302.850504648,high
DC2,GPU.S3,0.7000000000000001,335891.40201859205,4,83972.85050464801,medium
DC1,GPU.S2,0.8500000000000001,329718.00750189694,4,82429.50187547423,low
DC4,GPU.S2,0.8,328562.8305900206,4,82140.70764750514,high
DC3,GPU.S1,0.8,325364.058873079,4,81341.01471826975,high
DC4,GPU.S3,0.7000000000000001,325251.402018592,4,81312.850504648,high
DC2,GPU.S2,0.8,325088.5448757349,4,81272.13621893372,medium
DC1,GPU.S1,0.8500000000000001,318013.59826693207,4,79503.39956673302,low
DC3,CPU.S4,0.9500000000000001,158638.81710685202,2,79319.40855342601,high
DC4,GPU.S1,0.8,312335.4874445074,4,78083.87186112686,high
DC2,GPU.S1,0.8,310250.916015936,4,77562.729003984,medium
DC4,CPU.S4,0.9500000000000001,154461.20704395894,2,77230.60352197947,high
DC1,GPU.S3,0.7000000000000001,288011.4020185921,4,72002.85050464803,low
DC3,GPU.S2,0.75,287670.5108210014,4,71917.62770525034,high
DC1,GPU.S2,0.8,282528.5448757349,4,70632.13621893372,low
DC3,CPU.S4,0.9,139964.87737828883,2,69982.43868914442,high
DC3,GPU.S3,0.65,278730.5875886925,4,69682.64689717312,high
DC2,GPU.S3,0.65,277319.159017264,4,69329.789754316,medium
DC2,GPU.S2,0.75,275456.2251067157,4,68864.05627667892,medium
DC4,GPU.S2,0.75,275456.2251067157,4,68864.05627667892,high
DC3,GPU.S1,0.75,274493.09090779716,4,68623.27272694929,high
DC1,GPU.S1,0.8,273249.7731587931,4,68312.44328969828,low
DC4,CPU.S4,0.9,136007.14152923223,2,68003.57076461612,high
DC4,GPU.S3,0.65,263910.5875886925,4,65977.64689717312,high
DC2,GPU.S1,0.75,263500.23376494006,4,65875.05844123501,medium
DC4,GPU.S1,0.75,262278.8051935114,4,65569.70129837785,high
DC3,CPU.S4,0.8500000000000001,122438.10746104637,2,61219.053730523185,high
DC1,GPU.S2,0.75,238813.3679638586,4,59703.34199096465,low
DC3,GPU.S2,0.7000000000000001,238092.47676626805,4,59523.11919156701,high
DC4,CPU.S4,0.8500000000000001,118700.24582582625,2,59350.122912913124,high
DC1,GPU.S3,0.65,237093.4447315497,4,59273.36118288743,low
DC1,GPU.S1,0.75,231743.0909077971,4,57935.772726949275,low
DC2,GPU.S2,0.7000000000000001,229732.47676626808,4,57433.11919156702,medium
DC3,GPU.S1,0.7000000000000001,227693.551513944,4,56923.387878486,high
DC4,GPU.S2,0.7000000000000001,226692.47676626805,4,56673.11919156701,high
DC2,GPU.S3,0.6000000000000001,224066.91601593603,4,56016.72900398401,medium
DC3,GPU.S3,0.6000000000000001,222112.63030165032,4,55528.15757541258,high
DC3,CPU.S3,1.0,111018.21256370617,2,55509.106281853085,high
DC2,GPU.S1,0.7000000000000001,220397.55151394405,4,55099.38787848601,medium
DC4,GPU.S1,0.7000000000000001,216293.55151394402,4,54073.387878486006,high
DC4,CPU.S3,1.0,107218.21256370618,2,53609.10628185309,high
DC3,CPU.S4,0.8,106058.50735512465,2,53029.25367756232,high
DC4,GPU.S3,0.6000000000000001,208432.63030165032,4,52108.15757541258,high
DC4,CPU.S4,0.8,102540.51993374103,2,51270.259966870515,high
DC3,CPU.S3,0.9500000000000001,100096.75405262611,2,50048.37702631306,high
DC1,GPU.S2,0.7000000000000001,198572.47676626805,4,49643.11919156701,low
DC2,CPU.S4,1.0,98399.55210519387,2,49199.776052596935,medium
DC1,GPU.S1,0.7000000000000001,193493.55151394397,4,48373.38787848599,low
DC4,CPU.S3,0.9500000000000001,96456.41791817233,2,48228.208959086165,high
DC3,GPU.S2,0.65,192857.29985439178,4,48214.324963597945,high
DC1,GPU.S3,0.6000000000000001,190844.058873079,4,47711.01471826975,low
DC2,GPU.S2,0.65,187917.29985439172,4,46979.32496359793,medium
DC3,GPU.S1,0.65,184965.44069151947,4,46241.36017287987,high
DC4,GPU.S2,0.65,182271.5855686775,4,45567.89639216937,high
DC3,CPU.S4,0.75,90826.0770605237,2,45413.03853026185,high
DC2,GPU.S1,0.65,180942.8692629479,4,45235.717315736976,medium
DC2,CPU.S4,0.9500000000000001,88345.98691817278,2,44172.99345908639,medium
DC2,GPU.S3,0.55,176134.67301460798,4,44033.668253651995,medium
DC3,CPU.S3,0.9,87715.47862924593,2,43857.739314622966,high
DC4,CPU.S4,0.75,87527.96385297654,2,43763.98192648827,high
DC4,GPU.S1,0.65,174379.72640580518,4,43594.931601451295,high
DC3,GPU.S3,0.55,171357.53015746523,4,42839.38253936631,high
DC4,CPU.S3,0.9,84266.73913344766,2,42133.36956672383,high
DC1,GPU.S2,0.65,161805.8712829631,4,40451.46782074078,low
DC4,GPU.S3,0.55,158817.53015746517,4,39704.38253936629,high
DC1,GPU.S1,0.65,158501.1549772337,4,39625.288744308426,low
DC2,CPU.S4,0.9,77501.48115187373,2,38750.74057593686,medium
DC3,CPU.S4,0.7000000000000001,76740.8165772435,2,38370.40828862175,high
DC3,CPU.S3,0.8500000000000001,76124.5393403196,2,38062.2696701598,high
DC3,GPU.S2,0.6000000000000001,151964.98008537266,4,37991.245021343166,high
DC2,GPU.S2,0.6000000000000001,150010.69437108692,4,37502.67359277173,medium
DC1,GPU.S3,0.55,149263.24444317946,4,37315.811110794864,low
DC4,CPU.S4,0.7000000000000001,73662.57758353282,2,36831.28879176641,high
DC3,GPU.S1,0.6000000000000001,146308.75844052352,4,36577.18961013088,high
DC4,CPU.S3,0.8500000000000001,72867.39648317675,2,36433.698241588376,high
DC2,GPU.S1,0.6000000000000001,145136.18701195208,4,36284.04675298802,medium
DC4,GPU.S2,0.6000000000000001,142193.55151394402,4,35548.387878486006,high
DC4,GPU.S1,0.6000000000000001,136537.32986909495,4,34134.332467273736,high
DC2,CPU.S4,0.8500000000000001,67345.27727236711,2,33672.638636183554,medium
DC2,GPU.S3,0.5,133522.43001328,4,33380.60750332,medium
DC3,CPU.S3,0.8,65323.93618584699,2,32661.968092923496,high
DC1,GPU.S2,0.6000000000000001,128513.55151394402,4,32128.387878486006,low
DC3,CPU.S4,0.65,63802.72590528404,2,31901.36295264202,high
DC1,GPU.S1,0.6000000000000001,126765.90129766634,4,31691.475324416584,low
DC3,GPU.S3,0.5,126465.28715613717,4,31616.321789034293,high
DC4,CPU.S3,0.8,62258.389967359624,2,31129.194983679812,high
DC4,CPU.S4,0.65,60944.361125409836,2,30472.180562704918,high
DC2,CPU.S3,1.0,60240.71256370617,2,30120.356281853085,medium
DC2,GPU.S2,0.55,116012.66031635349,4,29003.165079088372,medium
DC2,CPU.S4,0.8,57877.37527965296,2,28938.68763982648,medium
DC3,GPU.S2,0.55,115415.51745921059,4,28853.879364802648,high
DC4,GPU.S3,0.5,115065.28715613719,4,28766.321789034297,high
DC3,CPU.S2,1.0,57471.425252323985,2,28735.712626161992,high
DC1,CPU.S4,1.0,57454.55210519389,2,28727.276052596946,low
DC2,GPU.S1,0.55,112977.50476095607,4,28244.376190239018,medium
DC1,GPU.S3,0.5,112351.00144185142,4,28087.750360462855,low
DC3,GPU.S1,0.55,111723.50476095601,4,27930.876190239003,high
DC3,CPU.S3,0.75,55313.6691658282,2,27656.8345829141,high
DC4,CPU.S2,1.0,55286.42525232401,2,27643.212626162003,high
DC2,CPU.S3,0.9500000000000001,53955.49354842441,2,26977.746774212206,medium
DC4,GPU.S2,0.55,106458.37460206774,4,26614.593650516934,high
DC4,CPU.S3,0.75,52439.719585996274,2,26219.859792998137,high
DC3,CPU.S2,0.9500000000000001,52191.39551321736,2,26095.69775660868,high
DC3,CPU.S4,0.6000000000000001,52011.805044645414,2,26005.902522322707,high
DC4,GPU.S1,0.55,102766.36190381316,4,25691.59047595329,high
DC1,CPU.S4,0.9500000000000001,51110.7667923866,2,25555.3833961933,low
DC4,CPU.S2,0.9500000000000001,50087.59483754171,2,25043.797418770853,high
DC4,CPU.S4,0.6000000000000001,49373.314478607645,2,24686.657239303822,high
DC1,GPU.S2,0.55,98695.51745921062,4,24673.879364802655,low
DC1,GPU.S1,0.55,98287.79047524172,4,24571.94761881043,low
DC2,CPU.S4,0.75,49097.775173731265,2,24548.887586865632,medium
DC2,GPU.S3,0.45,96230.18701195202,4,24057.546752988004,medium
DC2,CPU.S3,0.9,46847.91560403587,2,23423.957802017936,medium
DC3,CPU.S3,0.7000000000000001,46093.73828026321,2,23046.869140131606,high
DC3,CPU.S2,0.9,45382.50783151179,2,22691.253915755897,high
DC1,CPU.S4,0.9,44290.91511413786,2,22145.45755706893,low
DC3,GPU.S3,0.45,87435.9012976663,4,21858.975324416577,high
DC4,CPU.S3,0.7000000000000001,43411.385339086744,2,21705.692669543372,high
DC4,CPU.S2,0.9,43389.43350718744,2,21694.71675359372,high
DC2,GPU.S2,0.5,85923.19769019145,4,21480.79942254786,medium
DC3,CPU.S1,1.0,42563.037248926325,2,21281.518624463162,high
DC2,GPU.S1,0.5,84466.82250996005,4,21116.705627490013,medium
DC3,GPU.S2,0.5,83208.91197590574,4,20802.227993976434,high
DC3,CPU.S4,0.55,41368.053995327464,2,20684.026997663732,high
DC2,CPU.S4,0.7000000000000001,41006.47695460198,2,20503.23847730099,medium
DC4,CPU.S1,1.0,40663.03724892633,2,20331.518624463166,high
DC3,GPU.S1,0.5,81209.67965281713,4,20302.41991320428,high
DC2,CPU.S3,0.8500000000000001,40214.53934031959,2,20107.269670159796,medium
DC1,GPU.S3,0.45,80107.32986909484,4,20026.83246727371,low
DC3,CPU.S2,0.8500000000000001,39024.95038629267,2,19512.475193146336,high
DC4,CPU.S4,0.55,38949.43764312618,2,19474.71882156309,high
DC3,CPU.S1,0.9500000000000001,38825.730901505114,2,19412.865450752557,high
DC4,GPU.S3,0.45,77175.9012976663,4,19293.975324416577,high
DC1,CPU.S4,0.8500000000000001,37929.931360417446,2,18964.965680208723,low
DC3,CPU.S3,0.65,37664.143529151945,2,18832.071764575972,high
DC4,GPU.S2,0.5,75066.05483304859,4,18766.513708262148,high
DC4,CPU.S2,0.8500000000000001,37142.602413319655,2,18571.301206659828,high
DC4,CPU.S1,0.9500000000000001,36990.13768116614,2,18495.06884058307,high
DC1,GPU.S1,0.5,73066.82250996005,4,18266.705627490013,low
DC4,GPU.S1,0.5,73066.82250996005,4,18266.705627490013,high
DC1,GPU.S2,0.5,72351.76911876285,4,18087.942279690713,low
DC4,CPU.S3,0.65,35173.38722663093,2,17586.693613315467,high
DC2,CPU.S3,0.8,34055.36475727558,2,17027.68237863779,medium
DC2,CPU.S4,0.65,33603.48062226519,2,16801.740311132595,medium
DC3,CPU.S1,0.9,33521.67816003428,2,16760.83908001714,high
DC3,CPU.S2,0.8,33118.72317756001,2,16559.361588780004,high
DC1,CPU.S3,1.0,32951.96256370617,2,16475.981281853085,low
DC2,GPU.S3,0.4,64257.94401062401,4,16064.486002656002,medium
DC1,CPU.S4,0.8,32027.815531225267,2,16013.907765612634,low
DC3,CPU.S4,0.5,31871.47275733026,2,15935.73637866513,high
DC4,CPU.S1,0.9,31782.69510918682,2,15891.34755459341,high
DC4,CPU.S2,0.8,31347.101555938385,2,15673.550777969192,high
DC3,CPU.S3,0.6000000000000001,30024.884912494505,2,15012.442456247252,high
DC2,GPU.S2,0.45,59742.30649260088,4,14935.57662315022,medium
DC2,GPU.S1,0.45,59604.14025896403,4,14901.035064741007,medium
DC4,CPU.S4,0.5,29672.730618965485,2,14836.365309482742,high
DC1,CPU.S3,0.9500000000000001,29064.695229096687,2,14532.347614548344,low
DC2,CPU.S2,1.0,28876.425252324007,2,14438.212626162003,medium
DC3,CPU.S1,0.8500000000000001,28579.913554156687,2,14289.956777078343,high
DC2,CPU.S3,0.75,28370.391854903828,2,14185.195927451914,medium
DC4,CPU.S3,0.6000000000000001,27725.725248628954,2,13862.862624314477,high
DC3,GPU.S2,0.45,55345.16363545802,4,13836.290908864505,high
DC3,CPU.S2,0.75,27663.826205313853,2,13831.913102656927,high
DC3,GPU.S1,0.45,54767.28311610687,4,13691.820779026717,high
DC3,GPU.S3,0.4,54269.37258205261,4,13567.343145513152,high
DC4,CPU.S1,0.8500000000000001,26937.540672800747,2,13468.770336400374,high
DC2,CPU.S4,0.6000000000000001,26888.78617672086,2,13444.39308836043,medium
DC1,CPU.S4,0.75,26584.56762656143,2,13292.283813280716,low
DC1,GPU.S3,0.4,52532.229724909725,4,13133.057431227431,low
DC4,CPU.S2,0.75,26002.930935043576,2,13001.465467521788,high
DC2,CPU.S2,0.9500000000000001,25916.754465920065,2,12958.377232960032,medium
DC1,GPU.S1,0.45,51102.99740182117,4,12775.749350455293,low
DC1,GPU.S2,0.45,49482.30649260088,4,12370.57662315022,low
DC1,CPU.S3,0.9,24689.764343531657,2,12344.882171765828,low
DC4,GPU.S2,0.45,48016.5922068866,4,12004.14805172165,high
DC3,CPU.S1,0.8,24000.437083872283,2,12000.218541936141,high
DC4,GPU.S1,0.45,47438.71168753544,4,11859.67792188386,high
DC3,CPU.S4,0.45,23522.061330653843,2,11761.030665326922,high
DC3,CPU.S3,0.55,23175.96243029082,2,11587.98121514541,high
DC2,CPU.S3,0.7000000000000001,23159.62063320437,2,11579.810316602185,medium
DC3,CPU.S2,0.7000000000000001,22660.259469554207,2,11330.129734777103,high
DC4,GPU.S3,0.4,45149.37258205261,4,11287.343145513152,high
DC4,CPU.S1,0.8,22454.674372007874,2,11227.337186003937,high
DC2,CPU.S2,0.9,22115.531480160407,2,11057.765740080204,medium
DC1,CPU.S4,0.7000000000000001,21600.187646425897,2,10800.093823212948,low
DC4,CPU.S4,0.45,21543.19340612553,2,10771.596703062765,high
DC4,CPU.S2,0.7000000000000001,21110.09055063528,2,10555.04527531764,high
DC4,CPU.S3,0.55,21068.399405080723,2,10534.199702540362,high
DC2,CPU.S4,0.55,20862.39361796895,2,10431.196808984476,medium
DC1,CPU.S3,0.8500000000000001,20630.967911748146,2,10315.483955874073,low
DC2,CPU.S1,1.0,20238.037248926335,2,10119.018624463168,medium
DC3,CPU.S1,0.75,19783.248749181108,2,9891.624374590554,high
DC2,GPU.S1,0.4,38389.458007968016,4,9597.364501992004,medium
DC2,GPU.S3,0.35000000000000003,37605.70100929601,4,9401.425252324003,medium
DC2,GPU.S2,0.4,37469.98672358174,4,9367.496680895434,medium
DC2,CPU.S2,0.8500000000000001,18585.106636292643,2,9292.553318146322,medium
DC2,CPU.S3,0.65,18423.05109217715,2,9211.525546088575,medium
DC4,CPU.S1,0.75,18334.096206808215,2,9167.048103404108,high
DC2,CPU.S1,0.9500000000000001,18175.307172691548,2,9087.653586345774,medium
DC3,CPU.S2,0.65,18108.022970281014,2,9054.011485140507,high
DC3,CPU.S3,0.5,17117.376082540926,2,8558.688041270463,high
DC1,CPU.S4,0.65,17074.675590818642,2,8537.337795409321,low
DC1,CPU.S3,0.8,16888.305933746156,2,8444.152966873078,low
DC4,CPU.S2,0.65,16668.580402713447,2,8334.290201356724,high
DC3,CPU.S4,0.4,16319.819715298168,2,8159.909857649084,high
DC1,GPU.S1,0.4,32396.31515082516,4,8099.07878770629,low
DC3,GPU.S1,0.4,32396.31515082516,4,8099.07878770629,high
DC3,CPU.S1,0.7000000000000001,15928.348550083172,2,7964.174275041586,high
DC3,GPU.S2,0.4,31824.27243786744,4,7956.06810946686,high
DC2,CPU.S4,0.5,15524.302946009506,2,7762.151473004753,medium
DC2,CPU.S2,0.8,15325.479934316762,2,7662.739967158381,medium
DC2,CPU.S1,0.9,15262.356126135968,2,7631.178063067984,medium
DC4,CPU.S3,0.5,15201.409695986305,2,7600.704847993153,high
DC1,GPU.S2,0.4,30087.129580724595,4,7521.782395181149,low
DC1,GPU.S3,0.35000000000000003,29625.701009296023,4,7406.425252324006,low
DC4,CPU.S1,0.7000000000000001,14575.806177201814,2,7287.903088600907,high
DC4,CPU.S4,0.4,14560.826004606348,2,7280.413002303174,high
DC2,CPU.S3,0.6000000000000001,14160.683231822233,2,7080.341615911117,medium
DC3,CPU.S2,0.6000000000000001,14007.11670749434,2,7003.55835374717,high
DC1,CPU.S2,1.0,13486.425252324003,2,6743.2126261620015,low
DC3,GPU.S3,0.35000000000000003,26965.70100929602,4,6741.425252324005,high
DC1,CPU.S3,0.75,13461.778409525672,2,6730.889204762836,low
DC1,CPU.S4,0.6000000000000001,13008.031459739716,2,6504.015729869858,low
DC4,GPU.S1,0.4,25882.029436539437,4,6470.507359134859,high
DC4,CPU.S2,0.6000000000000001,12678.400491278122,2,6339.200245639061,high
DC4,GPU.S2,0.4,25309.98672358173,4,6327.496680895432,high
DC2,CPU.S1,0.8500000000000001,12566.777960936335,2,6283.388980468168,medium
DC3,CPU.S1,0.65,12435.736486578437,2,6217.868243289218,high
DC2,CPU.S2,0.75,12336.651374232775,2,6168.325687116388,medium
DC3,CPU.S3,0.45,11849.125869244815,2,5924.562934622408,high
DC1,CPU.S2,0.9500000000000001,11727.533604433584,2,5863.766802216792,low
DC4,CPU.S1,0.65,11179.804283188594,2,5589.902141594297,high
DC2,CPU.S4,0.45,10874.514160842522,2,5437.257080421261,medium
DC2,GPU.S1,0.35000000000000003,20822.775756972016,4,5205.693939243004,medium
DC2,CPU.S3,0.55,10372.517052139558,2,5186.258526069779,medium
DC3,CPU.S2,0.55,10357.540681194125,2,5178.770340597062,high
DC1,CPU.S3,0.7000000000000001,10351.385339086713,2,5175.692669543357,low
DC3,CPU.S4,0.35000000000000003,10264.747911263265,2,5132.373955631632,high
DC4,CPU.S3,0.45,10124.75612134566,2,5062.37806067283,high
DC2,CPU.S1,0.8,10088.572677092618,2,5044.286338546309,medium
DC2,CPU.S2,0.7000000000000001,9618.62095604068,2,4809.31047802034,medium
DC2,GPU.S2,0.35000000000000003,19106.238383134016,4,4776.559595783504,medium
DC4,GPU.S3,0.35000000000000003,18985.701009296026,4,4746.425252324007,high
DC1,CPU.S2,0.9,9485.50614232257,2,4742.753071161285,low
DC1,CPU.S4,0.55,9400.255253189072,2,4700.127626594536,low
DC3,CPU.S1,0.6000000000000001,9305.412558666927,2,4652.7062793334635,high
DC4,CPU.S2,0.55,9139.55081632926,2,4569.77540816463,high
DC4,CPU.S4,0.35000000000000003,8725.628414407918,2,4362.814207203959,high
DC1,GPU.S1,0.35000000000000003,16946.775756972012,4,4236.693939243003,low
DC4,CPU.S1,0.6000000000000001,8146.090524768621,2,4073.0452623843107,high
DC2,GPU.S3,0.30000000000000004,16273.458007968018,4,4068.3645019920045,medium
DC1,CPU.S1,1.0,8125.537248926344,2,4062.768624463172,low
DC2,CPU.S1,0.75,7827.740274604836,2,3913.870137302418,medium
DC1,CPU.S3,0.65,7557.126722429255,2,3778.5633612146275,low
DC1,CPU.S2,0.8500000000000001,7424.010774806158,2,3712.005387403079,low
DC3,CPU.S3,0.4,7371.21179040249,2,3685.605895201245,high
DC2,CPU.S2,0.65,7171.388679740476,2,3585.694339870238,medium
DC3,CPU.S2,0.5,7159.294891380406,2,3579.647445690203,high
DC1,GPU.S2,0.35000000000000003,14166.23838313401,4,3541.5595957835026,low
DC2,CPU.S3,0.5,7058.552553129165,2,3529.2762765645825,medium
DC3,GPU.S1,0.35000000000000003,14096.775756972032,4,3524.193939243008,high
DC1,CPU.S1,0.9500000000000001,6932.298698115283,2,3466.1493490576413,low
DC2,CPU.S4,0.4,6913.027262467983,2,3456.5136312339914,medium
DC3,CPU.S1,0.55,6537.37676634863,2,3268.688383174315,high
DC3,GPU.S2,0.35000000000000003,12646.238383134023,4,3161.5595957835058,high
DC1,CPU.S4,0.5,6251.346971166743,2,3125.6734855833715,low
DC4,CPU.S2,0.5,6052.031377866892,2,3026.015688933446,high
DC4,CPU.S3,0.4,5838.43868115879,2,2919.219340579395,high
DC2,CPU.S1,0.7000000000000001,5784.280753472991,2,2892.1403767364955,medium
DC1,GPU.S3,0.30000000000000004,11387.743722253737,4,2846.9359305634343,low
DC1,CPU.S2,0.8,5543.047501884329,2,2771.5237509421645,low
DC4,CPU.S1,0.55,5474.664901941849,2,2737.3324509709246,high
DC3,CPU.S4,0.30000000000000004,5356.845918549104,2,2678.422959274552,high
DC1,CPU.S1,0.9,5263.203583763091,2,2631.6017918815455,low
DC1,CPU.S3,0.6000000000000001,5079.002559553317,2,2539.5012797766585,low
DC2,CPU.S2,0.6000000000000001,4994.954545332168,2,2497.477272666084,medium
DC3,CPU.S2,0.45,4412.379338053177,2,2206.1896690265885,high
DC2,CPU.S3,0.45,4218.789734791037,2,2109.3948673955183,medium
DC4,GPU.S1,0.35000000000000003,8396.775756972023,4,2099.193939243006,high
DC3,CPU.S1,0.5,4131.629109623563,2,2065.8145548117814,high
DC4,CPU.S4,0.30000000000000004,4037.600635530239,2,2018.8003177651194,high
DC2,CPU.S1,0.65,3958.194113697071,2,1979.0970568485354,medium
DC1,CPU.S2,0.75,3842.6163235570966,2,1921.3081617785483,low
DC1,CPU.S1,0.8500000000000001,3739.023723648196,2,1869.511861824098,low
DC3,CPU.S3,0.35000000000000003,3683.6338460139473,2,1841.8169230069736,high
DC2,CPU.S4,0.35000000000000003,3639.842250885901,2,1819.9211254429506,medium
DC1,CPU.S4,0.45,3561.306613672708,2,1780.653306836354,low
DC4,GPU.S2,0.35000000000000003,6946.238383134021,4,1736.5595957835053,high
DC2,GPU.S1,0.30000000000000004,6904.0935059760095,4,1726.0233764940024,medium
DC4,CPU.S2,0.45,3415.8421758910154,2,1707.9210879455077,high
DC4,CPU.S1,0.5,3165.5274147083082,2,1582.7637073541541,high
DC2,CPU.S2,0.55,3089.3185528157455,2,1544.6592764078728,medium
DC1,CPU.S3,0.55,2917.012850458886,2,1458.506425229443,low
DC3,GPU.S3,0.30000000000000004,5524.886579396598,4,1381.2216448491495,high
DC1,GPU.S1,0.30000000000000004,4754.379220261731,4,1188.5948050654326,low
DC1,CPU.S1,0.8,2359.7591177705817,2,1179.8795588852909,low
DC2,CPU.S1,0.6000000000000001,2349.4803552770927,2,1174.7401776385464,medium
DC4,CPU.S3,0.35000000000000003,2342.457375425712,2,1171.228687712856,high
DC2,GPU.S2,0.30000000000000004,4651.061471257735,4,1162.7653678144338,medium
DC1,CPU.S2,0.7000000000000001,2322.7172398244643,2,1161.3586199122321,low
DC3,CPU.S2,0.4,2116.794021212434,2,1058.397010606217,high
DC3,CPU.S1,0.45,2088.1695884917153,2,1044.0847942458577,high
DC2,CPU.S3,0.4,1853.228597125179,2,926.6142985625895,medium
DC3,CPU.S4,0.25,1596.1137371556972,2,798.0568685778486,high
DC2,CPU.S2,0.5,1454.4807021912188,2,727.2403510956094,medium
DC1,CPU.S4,0.4,1330.1341807069768,2,665.0670903534884,low
DC4,CPU.S2,0.4,1230.9832104016227,2,615.4916052008114,high
DC4,CPU.S1,0.45,1218.6780630679864,2,609.3390315339932,high
DC1,CPU.S1,0.75,1125.4097661302599,2,562.7048830651299,low
DC1,CPU.S3,0.5,1071.1575951459681,2,535.5787975729841,low
DC2,CPU.S4,0.30000000000000004,1054.959126096272,2,527.479563048136,medium
DC1,CPU.S2,0.65,983.3502506864195,2,491.67512534320974,low
DC2,CPU.S1,0.55,958.1394782130375,2,479.06973910651874,medium
DC1,GPU.S2,0.30000000000000004,1719.6328998291556,4,429.9082249572889,low
DC3,CPU.S3,0.30000000000000004,786.3920360791816,2,393.1960180395908,high
DC4,CPU.S4,0.25,496.74266797330625,2,248.37133398665313,high
DC3,CPU.S1,0.4,406.9982029530878,2,203.4991014765439,high
DC3,CPU.S2,0.35000000000000003,272.53894085817853,2,136.26947042908927,high
DC2,GPU.S3,0.25,261.2150066400044,4,65.3037516600011,medium
DC2,CPU.S2,0.45,90.44099345858186,2,45.22049672929093,medium
DC1,CPU.S1,0.7000000000000001,35.975668727226434,2,17.987834363613217,low
DC2,CPU.S3,0.35000000000000003,-38.13085986840794,2,-19.06542993420397,medium
DC3,GPU.S1,0.30000000000000004,-131.33506545255193,4,-32.83376636313798,high
DC1,CPU.S2,0.6000000000000001,-175.48464385702425,2,-87.74232192851213,low
DC2,CPU.S1,0.5,-215.82851749508131,2,-107.91425874754066,medium
DC4,CPU.S3,0.30000000000000004,-363.18779585359187,2,-181.59389792679593,high
DC4,CPU.S1,0.4,-365.88315297911623,2,-182.94157648955812,high
DC1,CPU.S4,0.35000000000000003,-442.1703277304497,2,-221.08516386522484,low
DC1,CPU.S3,0.45,-458.5632063854342,2,-229.2816031927171,low
DC4,CPU.S2,0.35000000000000003,-502.5455186012814,2,-251.2727593006407,high
DC4,GPU.S3,0.30000000000000004,-1315.1134206034087,4,-328.7783551508522,high
DC2,CPU.S4,0.25,-841.6221119009068,2,-420.8110559504534,medium
DC1,CPU.S1,0.65,-908.5431744385212,2,-454.2715872192606,low
DC3,CPU.S1,0.35000000000000003,-911.8850469923176,2,-455.9425234961588,high
DC1,CPU.S1,0.05,-939.3794619189997,2,-469.68973095949985,low
DC2,CPU.S1,0.05,-999.7608178512033,2,-499.88040892560167,medium
DC2,CPU.S2,0.4,-1002.8005733821614,2,-501.4002866910807,medium
DC1,CPU.S2,0.05,-1007.5502405916894,2,-503.7751202958447,low
DC3,CPU.S4,0.2,-1017.448632916952,2,-508.724316458476,high
DC2,CPU.S2,0.05,-1073.1435682943918,2,-536.5717841471959,medium
DC1,GPU.S3,0.25,-2181.642136217136,4,-545.410534054284,low
DC3,GPU.S2,0.30000000000000004,-2188.938528742264,4,-547.234632185566,high
DC3,CPU.S2,0.30000000000000004,-1120.3859030095923,2,-560.1929515047962,high
DC1,CPU.S2,0.55,-1153.7874438058775,2,-576.8937219029388,low
DC2,CPU.S1,0.45,-1172.4236318472679,2,-586.2118159236339,medium
DC3,CPU.S1,0.05,-1217.1336992071351,2,-608.5668496035676,high
DC4,CPU.S1,0.05,-1313.743868698661,2,-656.8719343493304,high
DC3,CPU.S2,0.05,-1315.0565750511487,2,-657.5282875255743,high
DC1,CPU.S3,0.05,-1315.48928250221,2,-657.744641251105,low
DC3,CPU.S3,0.25,-1320.5136394018057,2,-660.2568197009028,high
DC4,CPU.S2,0.05,-1425.7829264025002,2,-712.8914632012501,high
DC2,CPU.S3,0.05,-1428.0523077122941,2,-714.0261538561471,medium
DC1,CPU.S4,0.05,-1439.7709632606848,2,-719.8854816303424,low
DC2,CPU.S3,0.30000000000000004,-1455.2886361897283,2,-727.6443180948642,medium
DC2,CPU.S4,0.05,-1544.9281959650873,2,-772.4640979825436,medium
DC4,CPU.S1,0.35000000000000003,-1588.1562334329958,2,-794.0781167164979,high
DC1,CPU.S3,0.4,-1672.1495541353256,2,-836.0747770676628,low
DC2,GPU.S1,0.25,-3366.588745019995,4,-841.6471862549987,medium
DC1,CPU.S1,0.6000000000000001,-1708.1467633669781,2,-854.0733816834891,low
DC1,CPU.S1,0.1,-1733.8436696007109,2,-866.9218348003554,low
DC1,CPU.S4,0.30000000000000004,-1755.6069116395777,2,-877.8034558197888,low
DC2,CPU.S1,0.1,-1782.1487543464739,2,-891.0743771732369,medium
DC4,CPU.S2,0.30000000000000004,-1784.7440111177007,2,-892.3720055588503,high
DC2,CPU.S2,0.35000000000000003,-1825.2439983310117,2,-912.6219991655058,medium
DC1,CPU.S2,0.1,-1834.568386588784,2,-917.284193294392,low
DC3,CPU.S3,0.05,-1844.7749967879236,2,-922.3874983939618,high
DC3,CPU.S1,0.30000000000000004,-1868.4801613445052,2,-934.2400806722526,high
DC2,CPU.S2,0.1,-1875.4889946968917,2,-937.7444973484459,medium
DC4,CPU.S4,0.2,-1896.9454882628636,2,-948.4727441314318,high
DC2,CPU.S1,0.4,-1911.6458648435225,2,-955.8229324217613,medium
DC1,CPU.S2,0.5,-1951.5581491601342,2,-975.7790745800671,low
DC3,CPU.S4,0.05,-1975.1168752103706,2,-987.5584376051853,high
DC4,CPU.S3,0.05,-2036.3716354433866,2,-1018.1858177216933,high
DC2,CPU.S4,0.2,-2049.901463105631,2,-1024.9507315528156,medium
DC3,CPU.S2,0.25,-2061.980510390878,2,-1030.990255195439,high
DC3,CPU.S1,0.1,-2071.97926282105,2,-1035.989631410525,high
DC1,GPU.S1,0.25,-4180.874459305707,4,-1045.2186148264268,low
DC3,CPU.S2,0.1,-2178.7829136158107,2,-1089.3914568079053,high
DC4,CPU.S4,0.05,-2194.9910890468486,2,-1097.4955445234243,high
DC4,CPU.S1,0.1,-2265.199601804101,2,-1132.5998009020504,high
DC4,CPU.S3,0.25,-2278.4968326791163,2,-1139.2484163395582,high
DC1,CPU.S3,0.1,-2314.8441112229075,2,-1157.4220556114537,low
DC2,CPU.S1,0.15000000000000002,-2347.1638094858135,2,-1173.5819047429068,medium
DC1,CPU.S1,0.55,-2362.8350980581486,2,-1181.4175490290743,low
DC2,CPU.S2,0.30000000000000004,-2376.889281387972,2,-1188.444640693986,medium
DC2,CPU.S3,0.1,-2381.902934752319,2,-1190.9514673761596,medium
DC1,CPU.S1,0.15000000000000002,-2383.392623045135,2,-1191.6963115225676,low
DC2,CPU.S3,0.25,-2398.24473183878,2,-1199.12236591939,medium
DC4,CPU.S2,0.1,-2400.235616318514,2,-1200.117808159257,high
DC2,CPU.S4,0.1,-2401.5545051377226,2,-1200.7772525688613,medium
DC2,CPU.S2,0.15000000000000002,-2407.0362792075,2,-1203.51813960375,medium
DC1,CPU.S4,0.1,-2420.674001993067,2,-1210.3370009965336,low
DC2,CPU.S1,0.35000000000000003,-2433.495216483844,2,-1216.747608241922,medium
DC4,CPU.S1,0.30000000000000004,-2448.141178293658,2,-1224.070589146829,high
DC3,CPU.S1,0.25,-2462.7871401034727,2,-1231.3935700517363,high
DC1,CPU.S2,0.15000000000000002,-2481.0544379912835,2,-1240.5272189956418,low
DC3,CPU.S4,0.15000000000000002,-2483.8411916688456,2,-1241.9205958344228,high
DC4,GPU.S1,0.30000000000000004,-5017.049351166837,4,-1254.2623377917093,high
DC3,CPU.S2,0.2,-2552.244881285675,2,-1276.1224406428375,high
DC3,CPU.S1,0.15000000000000002,-2564.5366908417445,2,-1282.2683454208723,high
DC1,CPU.S2,0.45,-2568.7967599197964,2,-1284.3983799598982,low
DC1,CPU.S3,0.35000000000000003,-2569.601448103703,2,-1284.8007240518516,low
DC2,CPU.S4,0.15000000000000002,-2569.8789275179033,2,-1284.9394637589517,medium
DC3,CPU.S2,0.15000000000000002,-2591.179015693987,2,-1295.5895078469935,high
DC1,CPU.S4,0.25,-2610.1755710204043,2,-1305.0877855102021,low
DC4,CPU.S2,0.25,-2615.612267147634,2,-1307.806133573817,high
DC3,CPU.S3,0.2,-2637.0831804290074,2,-1318.5415902145037,high
DC2,CPU.S2,0.25,-2657.73642255304,2,-1328.86821127652,medium
DC2,CPU.S2,0.2,-2667.7854218262164,2,-1333.8927109131082,medium
DC2,CPU.S1,0.2,-2694.8059832692197,2,-1347.4029916346099,medium
DC3,CPU.S1,0.2,-2694.8059832692197,2,-1347.4029916346099,high
DC2,CPU.S1,0.30000000000000004,-2737.971686768235,2,-1368.9858433841175,medium
DC3,CPU.S4,0.1,-2803.0639390999854,2,-1401.5319695499927,high
DC2,CPU.S1,0.25,-2825.075275696694,2,-1412.537637848347,medium
DC4,CPU.S1,0.15000000000000002,-2854.3671993163216,2,-1427.1835996581608,high
DC2,CPU.S3,0.15000000000000002,-2861.551881120075,2,-1430.7759405600375,medium
DC2,CPU.S3,0.2,-2866.999146815562,2,-1433.499573407781,medium
DC1,CPU.S1,0.5,-2872.608178512031,2,-1436.3040892560155,low
DC1,CPU.S1,0.2,-2888.026322252269,2,-1444.0131611261345,low
DC3,CPU.S3,0.1,-2899.2138591220673,2,-1449.6069295610337,high
DC4,CPU.S2,0.15000000000000002,-2923.3580697480406,2,-1461.6790348740203,high
DC1,CPU.S4,0.15000000000000002,-2942.709116197148,2,-1471.354558098574,low
DC4,CPU.S1,0.25,-2945.8379875611004,2,-1472.9189937805502,high
DC1,CPU.S2,0.2,-2947.008394799189,2,-1473.5041973995944,low
DC2,GPU.S2,0.25,-5895.544012047137,4,-1473.8860030117842,medium
DC4,CPU.S2,0.2,-2995.1502866910814,2,-1497.5751433455407,high
DC1,CPU.S3,0.15000000000000002,-2998.064486162092,2,-1499.032243081046,low
DC1,CPU.S2,0.4,-3005.503276084864,2,-1502.751638042432,low
DC1,CPU.S4,0.2,-3005.8763058729273,2,-1502.9381529364637,low
DC4,CPU.S1,0.2,-3081.24666123532,2,-1540.62333061766,high
DC4,CPU.S4,0.15000000000000002,-3143.463833178279,2,-1571.7319165891395,high
DC1,CPU.S3,0.30000000000000004,-3150.918888290569,2,-1575.4594441452846,low
DC3,CPU.S3,0.15000000000000002,-3163.316587002427,2,-1581.6582935012134,high
DC1,CPU.S2,0.25,-3232.4302570124987,2,-1616.2151285062494,low
DC1,CPU.S1,0.45,-3237.4660047286234,2,-1618.7330023643117,low
DC4,CPU.S4,0.1,-3242.8123667729415,2,-1621.4061833864707,high
DC1,CPU.S1,0.25,-3247.744767222116,2,-1623.872383611058,low
DC1,CPU.S2,0.35000000000000003,-3261.6776976553365,2,-1630.8388488276682,low
DC4,CPU.S3,0.1,-3282.407136432991,2,-1641.2035682164956,high
DC1,CPU.S2,0.30000000000000004,-3337.3200246312163,2,-1668.6600123156081,low
DC1,CPU.S3,0.2,-3365.150407319765,2,-1682.5752036598824,low
DC4,CPU.S3,0.2,-3403.469735050857,2,-1701.7348675254284,high
DC1,CPU.S3,0.25,-3416.1018746959235,2,-1708.0509373479617,low
DC1,CPU.S1,0.4,-3457.4085767079296,2,-1728.7042883539648,low
DC1,CPU.S1,0.30000000000000004,-3462.5479579546763,2,-1731.2739789773382,low
DC1,CPU.S1,0.35000000000000003,-3532.4358944499468,2,-1766.2179472249734,low
DC4,GPU.S2,0.30000000000000004,-7074.652814456551,4,-1768.6632036141377,high
DC1,GPU.S2,0.25,-7252.6868691899945,4,-1813.1717172974986,low
DC1,GPU.S1,0.05,-7350.460606146856,4,-1837.615151536714,low
DC4,CPU.S3,0.15000000000000002,-3738.1065029688134,2,-1869.0532514844067,high
DC2,GPU.S1,0.05,-7969.317749004001,4,-1992.3294372510002,medium
DC1,GPU.S2,0.05,-8399.108802409426,4,-2099.7772006023565,low
DC2,GPU.S2,0.05,-8996.251659552285,4,-2249.062914888071,medium
DC1,GPU.S3,0.05,-9773.471284386285,4,-2443.3678210965713,low
DC1,GPU.S1,0.2,-9858.985281730282,4,-2464.7463204325704,low
DC2,GPU.S1,0.2,-9989.270996015995,4,-2497.317749003999,medium
DC3,GPU.S3,0.25,-10053.07070764571,4,-2513.2676769114273,high
DC3,GPU.S1,0.05,-10200.460606146855,4,-2550.1151515367137,high
DC3,GPU.S1,0.25,-10288.017316448566,4,-2572.0043291121415,high
DC2,GPU.S3,0.2,-10431.027994687995,4,-2607.7569986719986,medium
DC2,GPU.S3,0.05,-10587.756998672001,4,-2646.9392496680002,medium
DC4,GPU.S1,0.05,-11014.746320432572,4,-2753.686580108143,high
DC1,GPU.S3,0.2,-11082.456566116569,4,-2770.614141529142,low
DC3,GPU.S2,0.05,-11221.965945266567,4,-2805.491486316642,high
DC1,GPU.S1,0.1,-11443.778355150856,4,-2860.944588787714,low
DC4,GPU.S2,0.05,-12036.251659552283,4,-3009.0629148880707,high
DC1,GPU.S1,0.15000000000000002,-12279.953247012,4,-3069.988311753,low
DC2,GPU.S1,0.1,-12290.635498007998,4,-3072.6588745019994,medium
DC2,GPU.S2,0.2,-12533.578066780567,4,-3133.3945166951416,medium
DC3,GPU.S2,0.25,-12681.258297761422,4,-3170.3145744403555,high
DC1,GPU.S2,0.2,-12750.720923923425,4,-3187.6802309808563,low
DC2,GPU.S1,0.15000000000000002,-12963.953247011998,4,-3240.9883117529994,medium
DC1,GPU.S2,0.1,-13323.931890533144,4,-3330.982972633286,low
DC3,GPU.S3,0.05,-13736.328427243427,4,-3434.0821068108567,high
DC2,GPU.S2,0.1,-14083.931890533138,4,-3520.9829726332846,medium
DC4,GPU.S1,0.25,-14359.445887877137,4,-3589.861471969284,high
DC1,GPU.S2,0.15000000000000002,-14774.469264371139,4,-3693.6173160927847,low
DC4,GPU.S3,0.05,-14876.328427243427,4,-3719.0821068108567,high
DC1,GPU.S3,0.1,-14878.37114020114,4,-3719.592785050285,low
DC2,GPU.S2,0.15000000000000002,-15263.040692942568,4,-3815.760173235642,medium
DC1,GPU.S3,0.15000000000000002,-15314.699567444566,4,-3828.6748918611415,low
DC4,GPU.S3,0.25,-15753.07070764571,4,-3938.2676769114273,high
DC2,GPU.S3,0.15000000000000002,-15803.270996015995,4,-3950.817749003999,medium
DC2,GPU.S3,0.1,-15855.513997343996,4,-3963.878499335999,medium
DC3,GPU.S1,0.1,-16329.492640865143,4,-4082.3731602162857,high
DC3,GPU.S1,0.2,-16373.270996015995,4,-4093.317749003999,high
DC4,GPU.S2,0.25,-16752.68686918999,4,-4188.171717297498,high
DC4,GPU.S1,0.1,-17958.06406943657,4,-4489.516017359142,high
DC3,GPU.S2,0.1,-18101.074747676,4,-4525.268686919,high
DC3,GPU.S1,0.15000000000000002,-18387.096104154854,4,-4596.774026038714,high
DC3,GPU.S2,0.2,-18830.720923923425,4,-4707.680230980856,high
DC4,GPU.S1,0.2,-19630.41385315885,4,-4907.603463289713,high
DC4,GPU.S2,0.1,-19729.646176247425,4,-4932.411544061856,high
DC3,GPU.S3,0.2,-19768.170851830855,4,-4942.042712957714,high
DC3,GPU.S2,0.15000000000000002,-20637.326407228284,4,-5159.331601807071,high
DC4,GPU.S1,0.15000000000000002,-20829.953247011992,4,-5207.488311752998,high
DC3,GPU.S3,0.1,-21609.799711629716,4,-5402.449927907429,high
DC4,GPU.S2,0.2,-22087.86378106629,4,-5521.965945266573,high
DC4,GPU.S2,0.15000000000000002,-23080.183550085418,4,-5770.045887521354,high
DC3,GPU.S3,0.15000000000000002,-23620.413853158854,4,-5905.1034632897135,high
DC4,GPU.S3,0.1,-23889.799711629716,4,-5972.449927907429,high
DC4,GPU.S3,0.2,-24328.170851830862,4,-6082.042712957716,high
DC4,GPU.S3,0.15000000000000002,-27040.413853158858,4,-6760.103463289714,high
